dataset,video,tp,fp,fn
shot,13335596295,15,1,0
shot,17331353453,13,2,0
shot,18592632588,14,2,0
shot,19079860649,12,0,1
shot,20915607770,24,8,0
shot,21267401290,13,3,1
shot,24881886015,27,10,3
shot,25545843427,19,3,1
shot,26922743731,23,1,0
shot,27107740997,22,0,1
shot,27109494185,25,3,1
shot,27438014338,10,3,1
shot,28251171415,51,6,1
shot,28541329142,29,6,0
shot,28582983201,22,8,1
shot,28855524125,21,4,1
shot,29015928124,6,11,0
shot,29021603968,6,11,0
shot,29047239060,18,3,0
shot,29513386332,31,2,1
shot,30325167905,24,2,0
shot,30382060590,10,4,0
shot,30699682698,33,0,0
shot,31602670982,12,0,0
shot,32140458676,20,10,1
shot,33338203782,26,6,3
shot,33442613297,14,10,6
shot,33803189290,27,3,1
shot,34996642719,16,1,0
shot,35087786411,15,3,0
shot,35144084768,8,2,0
shot,35146145613,9,9,3
shot,35219009690,26,6,0
shot,35460496768,31,6,0
shot,38667643656,12,0,0
shot,40355287299,6,0,0
shot,41268001962,8,2,0
shot,42394122179,7,0,6
shot,42728994306,13,2,5
shot,43235160681,9,2,2
shot,45049694598,16,0,0
shot,46431791499,10,4,2
shot,46435147625,20,1,1
shot,47704122306,12,3,3
shot,47957669295,8,1,5
shot,48122821346,15,0,0
shot,48168996848,10,2,3
shot,48422312550,9,1,0
shot,48555393513,18,1,0
shot,48702737472,10,4,3
shot,48925830537,10,1,2
shot,48938017856,10,0,2
shot,49056150592,8,0,1
shot,49104256364,7,2,1
shot,49127679449,10,0,3
shot,49175269235,13,0,0
shot,49361878016,12,4,3
shot,49751514232,9,0,1
shot,49810176625,21,0,5
shot,49873920550,9,2,4
shot,49921964653,3,0,0
shot,49968590052,12,0,2
shot,49974694347,3,3,7
shot,49986240582,10,7,0
shot,50162190619,9,0,3
shot,50165129516,0,0,2
shot,50226319770,19,0,15
shot,50234611771,1,0,0
shot,50270306832,7,0,0
shot,50571672955,6,0,2
shot,50630424920,12,4,1
shot,50681534960,4,1,3
shot,50685420175,7,1,17
shot,50691559420,1,0,0
shot,50722456474,16,2,0
shot,50730132874,6,0,2
shot,50737710150,15,0,0
shot,50747609363,3,0,1
shot,50757545897,4,4,3
shot,50777251302,0,0,0
shot,50779805009,13,0,1
shot,50790423077,14,2,26
shot,50808944385,23,3,9
shot,50986712274,13,0,1
shot,51017299441,1,0,0
shot,51035653483,16,4,0
shot,51052713926,25,2,3
shot,51131501640,17,2,3
shot,51146516534,13,2,0
shot,51156423976,5,0,0
shot,51174508193,7,0,2
shot,51194977739,2,0,0
shot,51195576293,6,1,1
shot,51196454667,11,0,3
shot,51358309965,7,0,0
shot,51365944152,6,0,0
shot,51513541245,10,0,5
shot,51557245308,5,0,2
shot,51564867434,3,0,0
shot,51569443007,0,2,5
shot,51619015176,10,4,0
shot,51640627175,14,1,2
shot,51666131105,22,8,0
shot,51797484957,1,0,0
shot,51801047674,8,0,5
shot,51813343076,1,0,0
shot,51815641249,7,1,1
shot,51821110945,3,2,4
shot,51822315486,10,0,0
shot,51828385722,1,0,1
shot,51849706623,12,0,6
shot,51850440470,5,0,0
shot,51851851628,11,1,0
shot,51853159475,17,0,4
shot,51853218995,2,0,1
shot,51854738831,1,0,0
shot,51856514703,8,0,3
shot,51856804342,8,3,0
shot,51863405337,6,0,3
shot,51864484769,9,1,3
shot,51865414031,2,0,0
shot,51879134193,9,1,7
shot,51883607241,7,1,2
shot,51898637293,7,0,1
shot,51907740028,1,0,0
shot,51909559955,0,5,0
shot,51910832568,35,0,3
shot,51918316554,7,0,3
shot,51922596545,5,0,0
shot,51923064451,19,2,0
shot,51923935135,3,0,1
shot,51936013776,0,0,0
shot,51962572932,15,0,1
shot,51968224744,5,0,0
shot,51970090159,10,0,2
shot,51974495393,10,3,1
shot,51991451479,4,5,2
shot,51993797249,10,1,0
shot,52018429962,7,0,0
shot,52019528845,2,0,1
shot,52020580256,1,0,2
shot,52021424972,11,9,3
shot,52036282996,9,1,0
shot,52039188217,1,0,0
shot,52040994145,4,0,1
shot,52058235156,0,0,0
shot,52065612239,5,1,3
shot,52079863242,4,6,3
shot,52088212431,4,0,1
shot,52091274367,7,0,1
shot,52103654873,5,3,4
shot,52211794196,20,7,0
shot,52221509412,7,2,5
shot,52223316995,12,0,6
shot,52227178506,19,0,6
shot,52230867826,8,0,0
shot,52231725528,3,1,0
shot,52251949405,56,1,1
shot,52265488856,0,0,0
shot,52267415630,6,2,0
shot,52270627051,1,0,0
shot,52278251659,9,0,0
shot,52285405847,9,1,1
shot,52288425765,8,0,6
shot,52300997756,1,1,0
shot,52306102332,2,0,0
shot,52326893657,15,9,0
shot,52342275440,1,1,1
shot,52344741598,8,1,4
shot,52355335974,10,2,3
shot,52402555008,9,0,2
shot,52428336453,12,4,0
shot,52459332798,26,0,0
shot,52463663295,5,0,8
shot,52465455105,16,0,1
shot,52484229807,14,7,0
shot,52527042670,0,0,4
shot,52541409045,0,0,3
shot,52639473545,12,0,4
shot,52648682110,6,0,10
shot,52660362549,2,1,5
shot,52663756053,8,2,2
shot,52678323813,9,0,3
shot,52737439669,1,1,0
shot,52738625825,4,1,2
shot,52774861683,5,1,3
shot,52862789455,2,0,0
shot,52866623001,6,0,2
shot,52905722207,13,4,1
shot,52906475525,8,3,1
shot,52911335778,1,0,2
shot,52955209496,21,1,1
shot,52984248093,20,2,3
shot,52984250725,17,2,4
shot,53080754988,5,1,4
shot,53085157367,15,0,2
shot,53093515746,2,0,4
shot,53094825299,4,3,4
shot,53159808242,11,1,2
shot,53159810406,17,0,3
bbc,bbc_01,429,10,15
bbc,bbc_02,362,11,20
bbc,bbc_03,401,8,19
bbc,bbc_04,461,11,10
bbc,bbc_05,448,12,11
bbc,bbc_06,507,10,18
bbc,bbc_07,513,11,17
bbc,bbc_08,296,9,113
bbc,bbc_09,354,13,11
bbc,bbc_10,337,13,36
bbc,bbc_11,451,17,15
clipshots,--XNzaz_Y4g,3,34,0
clipshots,-0ah6VRUsl4,0,2,2
clipshots,-17hVQk3wXI,0,1,0
clipshots,-1uGONNrRlM,62,5,7
clipshots,-57JLTgyV70,24,5,6
clipshots,-629gOGM1Ic,39,3,4
clipshots,-B4G8SeAK6I,0,0,0
clipshots,-FI7z_9YNl0,2,2,6
clipshots,-QLxbPj0zO0,4,76,6
clipshots,-XbZW_DUA6k,0,0,0
clipshots,-ebxou33SH0,0,2,0
clipshots,-hfiMArhXaI,0,0,0
clipshots,014bRgoyLaM,0,0,0
clipshots,0D8juplgVYc,6,0,6
clipshots,0EAoOWDVVgM,0,8,0
clipshots,0EXCdXUN_fk,86,39,7
clipshots,0FOecJlkeV4,19,8,1
clipshots,0GImzG2gP4c,7,34,1
clipshots,0IdRA0XX4ms,0,7,0
clipshots,0L7nfObDMeo,0,2,0
clipshots,0UugGhQ2zQE,0,0,0
clipshots,0kzuXD0PmNg,0,11,0
clipshots,0nZQWIxsLB8,10,20,3
clipshots,0qJrHcFpi28,0,14,0
clipshots,1DNVtb9Lauw,1,1,0
clipshots,1EDHuPu0LXo,26,1,1
clipshots,1VTe8MlFBGY,1,17,0
clipshots,1jZVEI12lXo,2,11,2
clipshots,1qAzo9Gdw1k,2,24,0
clipshots,1t9hqz2sqqc,20,1,2
clipshots,21mmJoG6mtQ,44,9,4
clipshots,227hGhpkGns,6,13,0
clipshots,22Aab4EQUlU,0,6,2
clipshots,2Ayv4jXWrd4,0,1,0
clipshots,2BMwlRiB2jo,7,0,1
clipshots,2GMXXdcsj3g,4,1,3
clipshots,2Gr_DjYyV2M,6,1,0
clipshots,2X6bioCwfgs,1,0,0
clipshots,2Zhg_LrCfT8,6,2,0
clipshots,2aDNfmVmraA,15,2,2
clipshots,2hN9Zka2u94,18,11,0
clipshots,2i9mB1EQV7k,53,3,0
clipshots,2ph6OKHH-Ns,5,0,1
clipshots,3HbAvnmwGRk,60,0,0
clipshots,3T9LcMW5EOI,11,1,1
clipshots,3Tfcap4cBEk,64,13,3
clipshots,3Tx-uAYU13Q,0,0,0
clipshots,3YhfM0xjbnk,1,0,0
clipshots,3c4Z8cbcIiA,48,4,1
clipshots,3e4Gu1LyruE,0,0,2
clipshots,3fXTbqhlYRg,8,0,9
clipshots,3jZaLtv90lk,0,6,0
clipshots,3k2K28A_4qI,7,16,3
clipshots,3qIh1HJznqw,1,1,0
clipshots,3sv6j0MaAYA,0,1,0
clipshots,3tOK5WYbQdE,0,0,7
clipshots,3vvF8DFk2Rg,0,0,0
clipshots,43qMbD5DK7U,34,29,9
clipshots,4CIzXTpSF5c,0,1,0
clipshots,4Hf_pnjWTo8,1,2,0
clipshots,4M1bIZd12FE,0,5,0
clipshots,4Pwd0xwJ5EA,1,1,0
clipshots,4aT37IcW9M0,20,5,0
clipshots,4dxZAJSJ198,1,5,0
clipshots,4hVdtaNGHJU,0,0,0
clipshots,4ioO5WnbrSk,0,0,0
clipshots,4kx_s9lPt_o,14,15,0
clipshots,4yjc-Gim81Q,0,0,0
clipshots,54_z6Q7Bza4,11,5,0
clipshots,590S6MpQGLk,26,1,17
clipshots,5GA25o6W1kk,1,0,0
clipshots,5J5CdDLbpzk,52,3,1
clipshots,5KzADyUqlGc,15,44,0
clipshots,5L5used_AY0,106,1,8
clipshots,5NM2sovAye8,13,2,0
clipshots,5NenSU7d3F8,0,0,0
clipshots,5PNZhzrq5_g,0,0,0
clipshots,5QhbaOeMTP0,22,21,5
clipshots,5SjxKAiEezQ,1,21,1
clipshots,5T0JY0HjDvQ,4,11,0
clipshots,5VrVQxKSuRg,26,0,1
clipshots,5WeKc_Gwzow,0,0,0
clipshots,5YlGV4XOxjU,0,3,0
clipshots,5cUViKlaXS8,62,1,4
clipshots,5hKzRQsxJ9I,44,8,1
clipshots,5jKAHJVEvNM,38,10,1
clipshots,5p14VILXiJA,1,0,0
clipshots,5rvnU3_u7eM,1,1,0
clipshots,5sSOOTpInmo,17,1,2
clipshots,5wUJTe4fffs,53,3,0
clipshots,5yxovEWYFTg,2,0,0
clipshots,61Utysgjk5A,1,3,0
clipshots,63kfDewSFWU,4,14,2
clipshots,65IFKi8DsYQ,0,0,2
clipshots,6DJqbtJT8Yk,0,0,0
clipshots,6EIHXeDiGCM,30,2,1
clipshots,6EsSxxzINPU,0,0,0
clipshots,6KzgAGfGI0A,0,0,0
clipshots,6PfCNevZpGs,42,1,1
clipshots,6Rs8FMCCj2Q,27,0,6
clipshots,6UZVPjiPuQM,8,1,1
clipshots,6e2-G6CXeT0,2,46,1
clipshots,6i08rX1EDiE,0,0,0
clipshots,6saetuq2VVc,43,0,1
clipshots,6zxr870ir74,70,4,1
clipshots,76pWQMHgryo,8,0,0
clipshots,7Cg0ErwOxDw,59,6,9
clipshots,7RPuriUQDek,0,2,0
clipshots,7T9vwkjZCig,0,9,0
clipshots,7Tn5ELedpAA,7,1,7
clipshots,7X3bjU_K1Sw,0,0,0
clipshots,7Z173RYN6ds,1,4,0
clipshots,7ZltLaQDQ1M,0,0,0
clipshots,7_0kL8e3eM0,0,0,0
clipshots,7_hVfrdfb6o,5,3,6
clipshots,7cGM1STrID0,0,1,0
clipshots,7gk9tckdaHQ,0,0,0
clipshots,7gsFTeEAQBQ,21,4,0
clipshots,7hi7yZe1V7U,18,5,4
clipshots,7hjIPMzvguY,1,0,1
clipshots,7u0toZHBf0o,50,5,1
clipshots,7u1chlwLirk,7,18,0
clipshots,7vCBAQ9UPEw,4,0,0
clipshots,7v_BpmoGuPI,1,71,0
clipshots,7w28nLU-bEo,0,0,0
clipshots,7yBMcauzjLs,3,5,0
clipshots,7z0Bs6SHRx4,59,1,3
clipshots,82NnK-jwyAg,1,0,0
clipshots,84QLb7w1jGQ,0,1,0
clipshots,86ZLL4wKKTE,47,3,1
clipshots,89Axv7-NJIY,0,20,0
clipshots,8BlCSSrmXaI,19,4,2
clipshots,8CHJrV9JOr0,11,1,4
clipshots,8FMOwdn3Wwg,7,0,1
clipshots,8FewurXJcxY,0,0,0
clipshots,8K-MOZbraeg,0,0,6
clipshots,8P0sy6M019Q,4,9,0
clipshots,8VxMQjZem0g,25,9,2
clipshots,8WAuLb5N5WQ,0,1,0
clipshots,8_yNU8G88AU,135,15,2
clipshots,8dC_Dt156_U,0,1,0
clipshots,8dUrudgeqPs,7,2,27
clipshots,8dVwLG6qQ-E,16,1,0
clipshots,8jqC3j6cQI0,6,12,3
clipshots,8kUPgZvaaoc,5,1,8
clipshots,8nyZkEzd988,1,0,0
clipshots,8o8Z5S2iw4E,66,3,2
clipshots,8rh1-lBjRtQ,35,0,2
clipshots,969svnLGFhE,4,24,2
clipshots,96tC5yBKQwk,4,1,1
clipshots,9DcL2QZQzuM,4,11,0
clipshots,9J3t5T6YnPo,0,43,0
clipshots,9MMTTdr-tbI,21,6,265
clipshots,9OQW_IepK1I,29,3,0
clipshots,9OS3aUY5Hrc,18,1,6
clipshots,9O_z-jAJpqs,23,1,0
clipshots,9SM3Jx00_Vo,1,1,0
clipshots,9UF98rRy_bU,33,0,0
clipshots,9Z2puafitws,2,1,0
clipshots,9_msXJPGO8Y,15,10,1
clipshots,9eefVWkwl58,1,4,1
clipshots,9kRbDLr9BRU,5,1,0
clipshots,9mbqMf_kip0,0,0,0
clipshots,9t3p-8_0HYg,1,1,1
clipshots,9wPVikZQw3Y,22,11,0
clipshots,A02osPznln0,0,1,0
clipshots,A0q0SnF0mKU,2,0,0
clipshots,A2UTphkx_Zo,5,0,2
clipshots,A4pz0tqxLW8,0,0,0
clipshots,A7O__xXLmT4,0,0,0
clipshots,AH-LBNT0X7M,0,0,0
clipshots,AMSO77sjwMo,28,7,2
clipshots,AMrDMEl3-ZY,0,0,1
clipshots,AMzJOrwnnPo,2,0,0
clipshots,ANYoX7vtXt0,57,6,2
clipshots,AOy5XgWATtM,27,5,0
clipshots,APNyA6-3l7I,0,0,0
clipshots,APP96QgkXwg,25,5,1
clipshots,APVB-J0EcDw,55,2,4
clipshots,ATHzsuxCes0,65,1,2
clipshots,AUXDfgrIiDk,0,0,0
clipshots,AWh_gu5BlP4,13,2,1
clipshots,A_2zx2PDOWA,9,62,4
clipshots,Ad81JrntCmY,31,1,5
clipshots,AeusrB1pOHs,12,0,0
clipshots,AhMUpL1ftFE,2,2,5
clipshots,AhP6OFvvZZc,29,7,18
clipshots,Aj68AvKlhAk,21,6,5
clipshots,AlVGLHkgBU0,0,2,0
clipshots,AtzNdzEeQsA,0,2,0
clipshots,AuzzSBzECXs,27,3,0
clipshots,AxcIVBlbuPA,18,1,0
clipshots,Az2VbWo3uEI,7,9,0
clipshots,AzPK8FfvWmo,2,12,5
clipshots,AzPnINC7TCY,66,0,1
clipshots,B07kJVJqgJk,0,0,2
clipshots,B7XSGwCNVQg,28,4,0
clipshots,BAgcx7pSWQo,13,11,1
clipshots,BBrgqGSSHGQ,2,41,0
clipshots,BCZBrw5eNC8,3,6,0
clipshots,BFX_wNR1buM,8,4,1
clipshots,BL3IwwxkpTE,0,0,0
clipshots,BOd7x1IJq-Q,0,0,0
clipshots,B_Hn2HR0w7k,4,2,1
clipshots,BcE0LTERlNA,2,11,1
clipshots,Bm_ouwdJ4Yo,0,20,1
clipshots,BtNXwA6H7L0,5,5,0
clipshots,C1z8QOQeshA,4,16,2
clipshots,C92jTl7xUXc,0,1,0
clipshots,CAGnEXM5sYo,0,1,0
clipshots,D0ERfQz8cH8,9,2,0
clipshots,DAGY5xh8Ne0,0,0,0
clipshots,DBWxacnkjY4,1,0,1
clipshots,DypdVl8tqU8,0,0,0
clipshots,E1THWfIW3nM,9,83,7
clipshots,EQ0BBm0FEYA,83,77,10
clipshots,EUu9QaxS-kk,3,3,0
clipshots,EZYA3NRCHyQ,25,14,5
clipshots,EzbiW9Kxnao,29,0,1
clipshots,F-sJg-7uuJ8,7,3,0
clipshots,F3wN7OCiEa4,0,0,0
clipshots,F6lFvmphgSo,0,0,0
clipshots,FCC4GvGe-Ns,50,4,0
clipshots,FI5NBKEObd0,14,0,2
clipshots,FKzrH8ykHyQ,0,0,0
clipshots,FZ-IY_BwuYE,4,5,0
clipshots,FcA3Jo8fp_E,0,1,0
clipshots,FhAEws4YNLA,12,5,0
clipshots,FhdTaBpLqe8,0,0,0
clipshots,G-uLFut95hI,0,0,0
clipshots,GBBwUpBOL24,5,0,2
clipshots,GBivYOQgeyI,0,8,0
clipshots,GBltu_0Jhhs,16,6,0
clipshots,GU0E63mTROw,37,7,0
clipshots,GVJqLo87a4w,0,0,0
clipshots,GVffmZbpMHc,44,6,0
clipshots,GVlAGFamO-s,0,0,0
clipshots,GZaneGIbiSI,9,21,1
clipshots,G_4HacVz2w0,6,6,2
clipshots,GdyAPmg8Slc,1,4,0
clipshots,GeM-rbCviJo,27,1,0
clipshots,GlVVbaoeA7Y,10,2,5
clipshots,Gm-W4i5u4z4,1,3,0
clipshots,Gtlq7HlJxLs,0,1,0
clipshots,GvAjTbTqJDc,6,11,1
clipshots,H4zNcq99JqI,0,0,0
clipshots,HEuvaSTjnAQ,1,26,1
clipshots,HK9kfpCFTc8,1,3,0
clipshots,HKZ0lzyWA3I,8,3,1
clipshots,HaLy7GH8ikk,13,5,0
clipshots,HjYa83jR0jI,25,136,1
clipshots,HoAPEVg_bA0,0,0,0
clipshots,IG_KLAPpK10,1,0,1
clipshots,IIXsljm6EYI,0,0,0
clipshots,IIkX6y6kxGo,3,3,0
clipshots,ILNXTKeUk1w,19,4,0
clipshots,IMJ__sUd4y0,18,0,1
clipshots,INEMyhnpoyE,0,1,0
clipshots,IbeDzISa4E4,20,7,0
clipshots,IqCAnvLDzQU,0,0,0
clipshots,IxNw4tjmOSU,0,1,0
clipshots,J1ndvzUAw20,11,6,4
clipshots,J6efR-Tg0gk,4,1,2
clipshots,J7G5pumjMJw,2,1,1
clipshots,JBOHBznkp8o,0,0,0
clipshots,JOOM65fyNuQ,0,3,0
clipshots,JP2A9hFrzAw,7,2,0
clipshots,JYxZ2zg9hD8,1,2,0
clipshots,JfWnY_UXe3E,2,8,1
clipshots,JnquHt-s1-s,0,3,0
clipshots,JuIPldiYqeQ,107,3,5
clipshots,K4iAsPBB5Sk,0,0,0
clipshots,K9DPFrka668,4,4,1
clipshots,KIS81JBoNNo,0,1,0
clipshots,KMFQmRKFCqc,0,1,0
clipshots,KMix7BDtDSE,0,0,0
clipshots,KcQZmz2B4H8,92,10,4
clipshots,Km34zlv0LnQ,1,2,1
clipshots,KoXoKN2rNDM,10,5,0
clipshots,Kqvsb4R4SaU,0,0,0
clipshots,KzNF4VMeU_g,1,12,0
clipshots,KzmNvb4iyLU,0,7,0
clipshots,L8bdqeNgvck,125,11,9
clipshots,LA8PQAOlXLE,4,0,0
clipshots,LB6Ebd8vI3o,0,18,1
clipshots,LEnvkWB6Ok4,1,1,0
clipshots,LGiJWckj4tU,0,29,0
clipshots,LSnC49YXvzI,10,2,1
clipshots,LTxqfl0FUA4,25,2,0
clipshots,L_OR3srstV4,0,1,0
clipshots,LhRwhHB_p0A,0,0,0
clipshots,Lj7CxJ8VjaQ,57,3,0
clipshots,LkD8aoVda8Q,1,1,0
clipshots,LlBx1npbneI,5,26,4
clipshots,M0awxwLRzcc,0,0,0
clipshots,M9kQt8K7p0E,0,0,0
clipshots,MR5ACKuZ1gU,13,0,0
clipshots,MZ3Am_lm5yU,32,1,1
clipshots,MdvWY-o5UsQ,1,1,0
clipshots,MkwWCIkjEpg,25,3,0
clipshots,MqDs3-eAns8,2,2,0
clipshots,MyxYazO7zLc,0,0,0
clipshots,Mzxb-zcFyms,0,2,0
clipshots,N903tGMVrIY,1,21,1
clipshots,NDikVpgzFrc,23,0,3
clipshots,NEQ8T9Q0aIg,0,0,0
clipshots,NIKg8VTy12Q,1,1,0
clipshots,NK-49aIHnoc,1,4,0
clipshots,NTZr-hZqb_k,29,6,0
clipshots,NZz5ydXbBAw,0,2,0
clipshots,Naz-EdVKqP4,0,1,1
clipshots,NjBkqdNsN9A,26,2,0
clipshots,Nrb3IlNkIJA,52,2,1
clipshots,NtSDd21VTi8,13,0,0
clipshots,NwbYFbdycE0,0,1,0
clipshots,O0Pu_nwvPHU,0,7,0
clipshots,O6_rHXujyQw,5,5,0
clipshots,OJR4CWLNzm0,0,25,0
clipshots,ONZStPcrO5Q,0,7,0
clipshots,ONxzFyCxgLU,1,5,0
clipshots,OTcxjITAifM,0,0,0
clipshots,POKR5E6P_wg,0,1,0
clipshots,PSMkjSPdeoo,28,10,1
clipshots,PYWDmVhY3aA,0,8,0
clipshots,QviQC9-Ojus,32,3,1
clipshots,RCNWKS4TrY0,5,1,1
clipshots,RdmrOPWO-bA,0,1,0
clipshots,RhMKbKtWDm0,34,5,3
clipshots,Rw3DgWrWQng,1,5,0
clipshots,S4L-oOznSJk,50,2,0
clipshots,S9z8Msntm1E,55,0,0
clipshots,SCCufQr1wTU,22,1,1
clipshots,SmKfucxKocQ,0,1,0
clipshots,SpWWfq530wg,0,3,0
clipshots,Ss8tcgzzZ1c,59,6,0
clipshots,SstL1-6ckAM,31,0,0
clipshots,T8aUV5sSYgI,0,0,0
clipshots,TO82a8U7r6w,0,0,0
clipshots,TV9JFONuRRQ,13,4,0
clipshots,TYAYUHKaByM,31,0,0
clipshots,TcpV7iKIlDA,0,1,0
clipshots,TezQvNZgxTA,30,7,1
clipshots,Th-TD2ChDcE,19,0,0
clipshots,Ti3XIBYo-lA,2,0,0
clipshots,TiA1aGcHN1k,0,3,0
clipshots,U-mBwWjNz4E,33,4,3
clipshots,U0lmRWX9ycI,24,4,0
clipshots,UMlpmwvmh-0,66,4,5
clipshots,UOpZALsZC8I,0,11,0
clipshots,UPmjB5rst_c,4,1,3
clipshots,UZD-PAjLeHw,15,10,0
clipshots,UlZTdP06Izg,0,0,0
clipshots,V9cmKO6UKt4,1,1,0
clipshots,VFLbkRntnRI,9,2,0
clipshots,VFyloCw8MS0,0,0,0
clipshots,VZC84V2RjCA,19,6,4
clipshots,V_s3_9Atdqo,2,0,3
clipshots,VkVe_HqCfcc,1,3,0
clipshots,VvRShX7N2WY,0,0,0
clipshots,VvRp-whPZNo,1,1,0
clipshots,W8jA09kcEWQ,1,0,0
clipshots,W9IINhvi3Ho,47,5,1
clipshots,WBWd0MeAU5I,0,3,0
clipshots,WUu0_K2f_bc,0,0,0
clipshots,WXSADPefl2g,62,10,4
clipshots,WpQmfeL_AR8,6,9,13
clipshots,WyPsFNNxLi0,2,22,0
clipshots,XBDJB9U_3ns,12,3,0
clipshots,XLLiDtZqdGk,0,0,0
clipshots,XOjqd0qU3DA,3,2,7
clipshots,XT62u6XwSCU,0,0,0
clipshots,XaD1uUW8A3U,44,1,5
clipshots,XgsXTCLp6X4,76,3,9
clipshots,XhMgRSk3_lI,0,0,0
clipshots,XiuL0MTnNgw,0,5,0
clipshots,Y94-qOkEtZA,5,5,0
clipshots,Y9tFger41vo,0,1,0
clipshots,YJj7elPwgxo,37,8,1
clipshots,YYHTrUGcx2g,6,4,0
clipshots,YYQDWbu8sEA,31,40,2
clipshots,ZSiY8EQRBx0,1,1,0
clipshots,ZhLmMIDreWI,5,24,0
clipshots,Zoj_-rPnxGw,0,3,1
clipshots,ZpcnrUE8n7I,0,0,0
clipshots,ZvXSvHb6bxU,29,12,1
clipshots,_6cvi36-15c,1,9,0
clipshots,_7tDlVM0Xrg,12,1,3
clipshots,_Fpvnc8ZgLU,17,58,1
clipshots,_WMFhNlfVfk,4,22,1
clipshots,_cDuNLUT8cI,0,0,0
clipshots,_eJYJ2jja1w,0,4,0
clipshots,_eRAEilK_n4,26,4,8
clipshots,_rwAEfRbMq8,3,48,0
clipshots,aMzk7hNcoqo,0,0,0
clipshots,aRWSaX-tVTk,7,2,3
clipshots,aeeq1ffqnAU,0,0,0
clipshots,agu2oLm-QKA,35,2,1
clipshots,b2XcwIYAztY,1,5,0
clipshots,bpCvjPOdW2M,26,7,7
clipshots,c-2v6COqFy0,32,6,1
clipshots,cE4yWlXfWqk,0,11,0
clipshots,chtGkClhyOw,0,7,0
clipshots,cmAgKdcvP64,0,6,0
clipshots,eYJFvq3w_PM,2,4,1
clipshots,ewCLs8CJEGQ,0,3,1
clipshots,f3n95XUplsY,3,10,5
clipshots,f4xPXNwdjao,7,6,0
clipshots,fLOp5wjnzVs,0,0,0
clipshots,fLX3vIhb2yQ,6,34,0
clipshots,fiHV3dpCC3o,1,1,0
clipshots,g6Nasr864Zk,48,90,7
clipshots,g7ZScknSWAE,1,4,4
clipshots,gD6ORNVSk8o,0,26,8
clipshots,gs-o7elkwe8,12,10,3
clipshots,h-hPl-uD6iE,0,2,0
clipshots,hPCmeqBtG9Q,0,7,0
clipshots,hPy4MhsB1eA,12,0,0
clipshots,hUoDOxOxK1I,32,13,2
clipshots,hkwHYM7cG4M,18,16,4
clipshots,i-sPxB3tF2A,4,5,0
clipshots,iCB9X0ud__o,0,6,0
clipshots,iPQwfePtoEM,0,7,14
clipshots,iPZSliXl8M4,34,1,8
clipshots,iQwc3cv2yWQ,0,28,0
clipshots,i_jt7qMwlQk,8,1,2
clipshots,jaKNlaRL1Bw,4,0,0
clipshots,jxJGhxcWMLI,12,0,1
clipshots,k9Qp0vWlr-o,0,5,0
clipshots,kBeHUZQnDc4,0,0,0
clipshots,kCeDy55jLds,0,122,0
clipshots,kCgX4BpXbmU,1,1,0
clipshots,kMPgNutxTOY,11,23,0
clipshots,kUc-bEyFJWA,12,4,0
clipshots,kUx79Bhi5VQ,0,2,0
clipshots,kYvLWV4LjhQ,1,0,0
clipshots,kZzD4YR6Qak,0,0,0
clipshots,klZU3H0StYM,12,1,1
clipshots,ktjHYuRkF5g,62,0,11
clipshots,l7renDnPKYc,0,8,0
clipshots,l84vS1-rsLk,0,17,0
clipshots,lGhzW5-wj2s,1,5,0
clipshots,lHZHCMnTYwU,1,12,0
clipshots,lh267vuv4Gg,61,2,3
clipshots,lww8V6u2qnc,2,1,1
clipshots,mq6gZQCCYrg,47,1,0
clipshots,mrVFUS85nnQ,10,2,0
clipshots,nF12GxSfI10,1,10,0
clipshots,nh-7NXR6Wdg,0,4,0
clipshots,njOw-EsPp4o,41,6,14
clipshots,nskFgMuw5UY,0,1,0
clipshots,nvAAD69Ppf8,0,0,0
clipshots,oexAVKQVsro,8,11,1
clipshots,osPo2GWxFKM,1,0,0
clipshots,pTO-SgJUl9A,55,86,35
clipshots,pTzxpgAFQeM,0,20,0
clipshots,qmkVuI9M7P0,17,16,0
clipshots,s32tayY5cuo,29,13,0
clipshots,sD4ozNrT_jU,0,0,0
clipshots,sP-PRBEUmKc,0,0,0
clipshots,sRs1RZMgaWo,0,0,0
clipshots,seBneZZusZ4,0,0,0
clipshots,slBSkqM9KDE,6,13,3
clipshots,sleope9LneY,0,0,0
clipshots,spz3IRswkbk,0,19,0
clipshots,t1KlA0nckrs,3,1,0
clipshots,t8AOUvNN_oE,14,0,0
clipshots,tCCQaPPbzcQ,0,0,0
clipshots,tE_oLRa6ywU,1,21,1
clipshots,tR5GssruC44,4,20,1
clipshots,tZ3hmPCUhTI,1,5,0
clipshots,uMO6IVuBXFs,27,20,7
clipshots,uYSxRvTJgo8,6,3,0
clipshots,uaNcmGGwj9s,71,22,4
clipshots,uqpTM4Uz8NI,40,1,3
clipshots,uwmgj9zGZAc,16,3,0
clipshots,v-EGWcNgrjM,0,3,0
clipshots,vAXW95d8MDE,89,1,2
clipshots,vX5VoWgvblM,0,0,0
clipshots,vibreeK9MQo,6,2,2
clipshots,vj_OJ5Bqf8g,0,11,0
clipshots,vr6hkToePuI,25,34,6
clipshots,vvtO_fPZTIE,0,4,0
clipshots,wIDquyvhdVU,0,0,0
clipshots,wIWLcSt6FB8,1,0,0
clipshots,wX-XxnZ5AD0,4,11,0
clipshots,wZLIGVzWzh0,24,4,0
clipshots,wZmrSKyHRIw,3,8,0
clipshots,wg2lG9zlMcA,3,3,0
clipshots,x2_0lx-Jzro,8,2,1
clipshots,xKsKm4xOi90,11,2,0
clipshots,xSsINBcY39A,0,0,0
clipshots,xpCx3ZAgTTU,9,7,0
clipshots,xsc42DRddlk,0,0,0
clipshots,xsoV2DdAtM8,0,5,0
clipshots,y4yHjRSBSzU,0,2,0
clipshots,yUiD0ftFLDc,51,9,2
clipshots,yrVTtzVWtCk,13,12,0
clipshots,zFXUVHRiVZQ,4,0,0
clipshots,zgBMFnq0CNc,27,0,5
clipshots,zpVf_GxRYb0,44,15,0
